
{
 "user" : 
{
  "screen_name": "PedroAngelOrti5"
  , "id_str" : "703043247535423488"
  , "description": "CUMBIA, VINO Y RIVER."
  , "profile_image_url" : "https://pbs.twimg.com/profile_images/900206370158497792/i4NofgC3.jpg"
  , "location": "San Miguel, Buenos Aires."
}
      
 , "profile" : {
  "id": "*UNKNOWN*",
  "processed_lang": "en",
  "source": "*UNKNOWN*",
  "tree": {
    "children": [
      {
        "children": [
          {
            "category": "personality",
            "children": [
              {
                "category": "personality",
                "children": [
                  {
                    "category": "personality",
                    "id": "Adventurousness",
                    "name": "Adventurousness",
                    "percentage": 0.3584712706680014,
                    "sampling_error": 0.0522065421
                  },
                  {
                    "category": "personality",
                    "id": "Artistic interests",
                    "name": "Artistic interests",
                    "percentage": 0.6070155569013966,
                    "sampling_error": 0.1068295419
                  },
                  {
                    "category": "personality",
                    "id": "Emotionality",
                    "name": "Emotionality",
                    "percentage": 0.47091793757485556,
                    "sampling_error": 0.0488589559
                  },
                  {
                    "category": "personality",
                    "id": "Imagination",
                    "name": "Imagination",
                    "percentage": 0.6734683399490952,
                    "sampling_error": 0.0658509841
                  },
                  {
                    "category": "personality",
                    "id": "Intellect",
                    "name": "Intellect",
                    "percentage": 0.7692605396933763,
                    "sampling_error": 0.0575832545
                  },
                  {
                    "category": "personality",
                    "id": "Liberalism",
                    "name": "Authority-challenging",
                    "percentage": 0.8447863909473587,
                    "sampling_error": 0.0855823326
                  }
                ],
                "id": "Openness",
                "name": "Openness",
                "percentage": 0.42572208389774313,
                "sampling_error": 0.0619263621
              },
              {
                "category": "personality",
                "children": [
                  {
                    "category": "personality",
                    "id": "Achievement striving",
                    "name": "Achievement striving",
                    "percentage": 0.22082034045469523,
                    "sampling_error": 0.1009122023
                  },
                  {
                    "category": "personality",
                    "id": "Cautiousness",
                    "name": "Cautiousness",
                    "percentage": 0.3872792937909686,
                    "sampling_error": 0.0935371804
                  },
                  {
                    "category": "personality",
                    "id": "Dutifulness",
                    "name": "Dutifulness",
                    "percentage": 0.021065435351502237,
                    "sampling_error": 0.0617750055
                  },
                  {
                    "category": "personality",
                    "id": "Orderliness",
                    "name": "Orderliness",
                    "percentage": 0.5504067557919277,
                    "sampling_error": 0.0719095686
                  },
                  {
                    "category": "personality",
                    "id": "Self-discipline",
                    "name": "Self-discipline",
                    "percentage": 0.22231536653384132,
                    "sampling_error": 0.0476958322
                  },
                  {
                    "category": "personality",
                    "id": "Self-efficacy",
                    "name": "Self-efficacy",
                    "percentage": 0.40750276183058154,
                    "sampling_error": 0.0943520088
                  }
                ],
                "id": "Conscientiousness",
                "name": "Conscientiousness",
                "percentage": 0.23352989264655244,
                "sampling_error": 0.0778096561
              },
              {
                "category": "personality",
                "children": [
                  {
                    "category": "personality",
                    "id": "Activity level",
                    "name": "Activity level",
                    "percentage": 0.3786539103310861,
                    "sampling_error": 0.07960352230000001
                  },
                  {
                    "category": "personality",
                    "id": "Assertiveness",
                    "name": "Assertiveness",
                    "percentage": 0.3926537413293505,
                    "sampling_error": 0.0848917892
                  },
                  {
                    "category": "personality",
                    "id": "Cheerfulness",
                    "name": "Cheerfulness",
                    "percentage": 0.3241443765042383,
                    "sampling_error": 0.1068722676
                  },
                  {
                    "category": "personality",
                    "id": "Excitement-seeking",
                    "name": "Excitement-seeking",
                    "percentage": 0.9778337545785987,
                    "sampling_error": 0.0823593534
                  },
                  {
                    "category": "personality",
                    "id": "Friendliness",
                    "name": "Outgoing",
                    "percentage": 0.30846391965635134,
                    "sampling_error": 0.0771016503
                  },
                  {
                    "category": "personality",
                    "id": "Gregariousness",
                    "name": "Gregariousness",
                    "percentage": 0.4168688120674667,
                    "sampling_error": 0.0587413091
                  }
                ],
                "id": "Extraversion",
                "name": "Extraversion",
                "percentage": 0.41354356628187156,
                "sampling_error": 0.0580683375
              },
              {
                "category": "personality",
                "children": [
                  {
                    "category": "personality",
                    "id": "Altruism",
                    "name": "Altruism",
                    "percentage": 0.41143140075697404,
                    "sampling_error": 0.0722933538
                  },
                  {
                    "category": "personality",
                    "id": "Cooperation",
                    "name": "Cooperation",
                    "percentage": 0.25751998258047454,
                    "sampling_error": 0.081447001
                  },
                  {
                    "category": "personality",
                    "id": "Modesty",
                    "name": "Modesty",
                    "percentage": 0.51706484711095,
                    "sampling_error": 0.0574031704
                  },
                  {
                    "category": "personality",
                    "id": "Morality",
                    "name": "Uncompromising",
                    "percentage": 0.3267190730369481,
                    "sampling_error": 0.0643678379
                  },
                  {
                    "category": "personality",
                    "id": "Sympathy",
                    "name": "Sympathy",
                    "percentage": 0.6114460651482693,
                    "sampling_error": 0.0996652377
                  },
                  {
                    "category": "personality",
                    "id": "Trust",
                    "name": "Trust",
                    "percentage": 0.3296317769270233,
                    "sampling_error": 0.0572140056
                  }
                ],
                "id": "Agreeableness",
                "name": "Agreeableness",
                "percentage": 0.27035399383113967,
                "sampling_error": 0.0987644
              },
              {
                "category": "personality",
                "children": [
                  {
                    "category": "personality",
                    "id": "Anger",
                    "name": "Fiery",
                    "percentage": 0.5937614168112801,
                    "sampling_error": 0.0958647681
                  },
                  {
                    "category": "personality",
                    "id": "Anxiety",
                    "name": "Prone to worry",
                    "percentage": 0.7515347128829676,
                    "sampling_error": 0.0563628005
                  },
                  {
                    "category": "personality",
                    "id": "Depression",
                    "name": "Melancholy",
                    "percentage": 0.8005535214892514,
                    "sampling_error": 0.0601046126
                  },
                  {
                    "category": "personality",
                    "id": "Immoderation",
                    "name": "Immoderation",
                    "percentage": 0.7234628845774709,
                    "sampling_error": 0.0539676515
                  },
                  {
                    "category": "personality",
                    "id": "Self-consciousness",
                    "name": "Self-consciousness",
                    "percentage": 0.7294394241548551,
                    "sampling_error": 0.0581865085
                  },
                  {
                    "category": "personality",
                    "id": "Vulnerability",
                    "name": "Susceptible to stress",
                    "percentage": 0.7147317031706351,
                    "sampling_error": 0.087156411
                  }
                ],
                "id": "Neuroticism",
                "name": "Emotional range",
                "percentage": 0.17929289424680178,
                "sampling_error": 0.0928945574
              }
            ],
            "id": "Neuroticism_parent",
            "name": "Emotional range",
            "percentage": 0.17929289424680178
          }
        ],
        "id": "personality",
        "name": "Big 5"
      },
      {
        "children": [
          {
            "category": "needs",
            "children": [
              {
                "category": "needs",
                "id": "Challenge",
                "name": "Challenge",
                "percentage": 0.26704476016702483,
                "sampling_error": 0.08491609
              },
              {
                "category": "needs",
                "id": "Closeness",
                "name": "Closeness",
                "percentage": 0.34188581885636776,
                "sampling_error": 0.0837381696
              },
              {
                "category": "needs",
                "id": "Curiosity",
                "name": "Curiosity",
                "percentage": 0.42450791087318596,
                "sampling_error": 0.1214266655
              },
              {
                "category": "needs",
                "id": "Excitement",
                "name": "Excitement",
                "percentage": 0.3938531895139189,
                "sampling_error": 0.1106469109
              },
              {
                "category": "needs",
                "id": "Harmony",
                "name": "Harmony",
                "percentage": 0.26312594930810496,
                "sampling_error": 0.1104486663
              },
              {
                "category": "needs",
                "id": "Ideal",
                "name": "Ideal",
                "percentage": 0.323335339049073,
                "sampling_error": 0.1001490657
              },
              {
                "category": "needs",
                "id": "Liberty",
                "name": "Liberty",
                "percentage": 0.3555553323174001,
                "sampling_error": 0.1470429652
              },
              {
                "category": "needs",
                "id": "Love",
                "name": "Love",
                "percentage": 0.41445027703432064,
                "sampling_error": 0.1016426974
              },
              {
                "category": "needs",
                "id": "Practicality",
                "name": "Practicality",
                "percentage": 0.49473025385568375,
                "sampling_error": 0.0881853855
              },
              {
                "category": "needs",
                "id": "Self-expression",
                "name": "Self-expression",
                "percentage": 0.4490924563752889,
                "sampling_error": 0.0822487297
              },
              {
                "category": "needs",
                "id": "Stability",
                "name": "Stability",
                "percentage": 0.20520630406588763,
                "sampling_error": 0.1075001483
              },
              {
                "category": "needs",
                "id": "Structure",
                "name": "Structure",
                "percentage": 0.12114544853715192,
                "sampling_error": 0.0806803376
              }
            ],
            "id": "Structure_parent",
            "name": "Structure",
            "percentage": 0.12114544853715192
          }
        ],
        "id": "needs",
        "name": "Needs"
      },
      {
        "children": [
          {
            "category": "values",
            "children": [
              {
                "category": "values",
                "id": "Conservation",
                "name": "Conservation",
                "percentage": 0.18300321318059443,
                "sampling_error": 0.0689012492
              },
              {
                "category": "values",
                "id": "Openness to change",
                "name": "Openness to change",
                "percentage": 0.4598075603418038,
                "sampling_error": 0.065238883
              },
              {
                "category": "values",
                "id": "Hedonism",
                "name": "Hedonism",
                "percentage": 0.5494316536835647,
                "sampling_error": 0.1390181447
              },
              {
                "category": "values",
                "id": "Self-enhancement",
                "name": "Self-enhancement",
                "percentage": 0.35868468461199243,
                "sampling_error": 0.1046765222
              },
              {
                "category": "values",
                "id": "Self-transcendence",
                "name": "Self-transcendence",
                "percentage": 0.25780782880846864,
                "sampling_error": 0.082399111
              }
            ],
            "id": "Conservation_parent",
            "name": "Conservation",
            "percentage": 0.18300321318059443
          }
        ],
        "id": "values",
        "name": "Values"
      }
    ],
    "id": "r",
    "name": "root"
  },
  "word_count": 457,
  "word_count_message": "There were 457 words in the input. We need a minimum of 600, preferably 1,200 or more, to compute statistically significant estimates"
}
}
     