
{
 "user" : 
{
  "screen_name": "SeleeGodoy"
  , "id_str" : "3402120634"
  , "description": "Capricorniana♑️. Ciencias Químicas, UNC ❣ - Y de pronto sintió muy livianos los hombros, y rumbo al cielo se cayó."
  , "profile_image_url" : "https://pbs.twimg.com/profile_images/900821599863144450/7Lqn4F4y.jpg"
  , "location": "Córdoba, Argentina"
}
      
 , "profile" : {
  "id": "*UNKNOWN*",
  "processed_lang": "en",
  "source": "*UNKNOWN*",
  "tree": {
    "children": [
      {
        "children": [
          {
            "category": "personality",
            "children": [
              {
                "category": "personality",
                "children": [
                  {
                    "category": "personality",
                    "id": "Adventurousness",
                    "name": "Adventurousness",
                    "percentage": 0.3318594352326585,
                    "sampling_error": 0.0514013596
                  },
                  {
                    "category": "personality",
                    "id": "Artistic interests",
                    "name": "Artistic interests",
                    "percentage": 0.6143670532808636,
                    "sampling_error": 0.10512010000000001
                  },
                  {
                    "category": "personality",
                    "id": "Emotionality",
                    "name": "Emotionality",
                    "percentage": 0.41205559299318917,
                    "sampling_error": 0.048080723
                  },
                  {
                    "category": "personality",
                    "id": "Imagination",
                    "name": "Imagination",
                    "percentage": 0.7698896785364215,
                    "sampling_error": 0.06468084760000001
                  },
                  {
                    "category": "personality",
                    "id": "Intellect",
                    "name": "Intellect",
                    "percentage": 0.7712407174145874,
                    "sampling_error": 0.0565895548
                  },
                  {
                    "category": "personality",
                    "id": "Liberalism",
                    "name": "Authority-challenging",
                    "percentage": 0.8149596896759692,
                    "sampling_error": 0.084428334
                  }
                ],
                "id": "Openness",
                "name": "Openness",
                "percentage": 0.2724787074749055,
                "sampling_error": 0.0607926352
              },
              {
                "category": "personality",
                "children": [
                  {
                    "category": "personality",
                    "id": "Achievement striving",
                    "name": "Achievement striving",
                    "percentage": 0.166815761987608,
                    "sampling_error": 0.09926963280000001
                  },
                  {
                    "category": "personality",
                    "id": "Cautiousness",
                    "name": "Cautiousness",
                    "percentage": 0.3852132451455018,
                    "sampling_error": 0.09237464379999999
                  },
                  {
                    "category": "personality",
                    "id": "Dutifulness",
                    "name": "Dutifulness",
                    "percentage": 0.004176416475425382,
                    "sampling_error": 0.0604566542
                  },
                  {
                    "category": "personality",
                    "id": "Orderliness",
                    "name": "Orderliness",
                    "percentage": 0.4375242503253477,
                    "sampling_error": 0.0709599134
                  },
                  {
                    "category": "personality",
                    "id": "Self-discipline",
                    "name": "Self-discipline",
                    "percentage": 0.26176535246872823,
                    "sampling_error": 0.047067343
                  },
                  {
                    "category": "personality",
                    "id": "Self-efficacy",
                    "name": "Self-efficacy",
                    "percentage": 0.4990629443780357,
                    "sampling_error": 0.0929192714
                  }
                ],
                "id": "Conscientiousness",
                "name": "Conscientiousness",
                "percentage": 0.24660974776719047,
                "sampling_error": 0.0766471608
              },
              {
                "category": "personality",
                "children": [
                  {
                    "category": "personality",
                    "id": "Activity level",
                    "name": "Activity level",
                    "percentage": 0.4200170187232931,
                    "sampling_error": 0.078592643
                  },
                  {
                    "category": "personality",
                    "id": "Assertiveness",
                    "name": "Assertiveness",
                    "percentage": 0.33489036621275775,
                    "sampling_error": 0.0838129948
                  },
                  {
                    "category": "personality",
                    "id": "Cheerfulness",
                    "name": "Cheerfulness",
                    "percentage": 0.25143288757306126,
                    "sampling_error": 0.1055306828
                  },
                  {
                    "category": "personality",
                    "id": "Excitement-seeking",
                    "name": "Excitement-seeking",
                    "percentage": 0.9971340812315331,
                    "sampling_error": 0.08131572
                  },
                  {
                    "category": "personality",
                    "id": "Friendliness",
                    "name": "Outgoing",
                    "percentage": 0.24754688257383395,
                    "sampling_error": 0.0759315398
                  },
                  {
                    "category": "personality",
                    "id": "Gregariousness",
                    "name": "Gregariousness",
                    "percentage": 0.38639586648958396,
                    "sampling_error": 0.05771629
                  }
                ],
                "id": "Extraversion",
                "name": "Extraversion",
                "percentage": 0.39291712867991213,
                "sampling_error": 0.0572878502
              },
              {
                "category": "personality",
                "children": [
                  {
                    "category": "personality",
                    "id": "Altruism",
                    "name": "Altruism",
                    "percentage": 0.32487675571745267,
                    "sampling_error": 0.07116010960000001
                  },
                  {
                    "category": "personality",
                    "id": "Cooperation",
                    "name": "Cooperation",
                    "percentage": 0.1788683973885174,
                    "sampling_error": 0.0804813444
                  },
                  {
                    "category": "personality",
                    "id": "Modesty",
                    "name": "Modesty",
                    "percentage": 0.4260607086820417,
                    "sampling_error": 0.056304327
                  },
                  {
                    "category": "personality",
                    "id": "Morality",
                    "name": "Uncompromising",
                    "percentage": 0.29006705528809257,
                    "sampling_error": 0.0633727362
                  },
                  {
                    "category": "personality",
                    "id": "Sympathy",
                    "name": "Sympathy",
                    "percentage": 0.5838226673731353,
                    "sampling_error": 0.0981328662
                  },
                  {
                    "category": "personality",
                    "id": "Trust",
                    "name": "Trust",
                    "percentage": 0.2504802532278393,
                    "sampling_error": 0.0561667412
                  }
                ],
                "id": "Agreeableness",
                "name": "Agreeableness",
                "percentage": 0.24245467997605397,
                "sampling_error": 0.0973269728
              },
              {
                "category": "personality",
                "children": [
                  {
                    "category": "personality",
                    "id": "Anger",
                    "name": "Fiery",
                    "percentage": 0.6555004998647899,
                    "sampling_error": 0.0947093716
                  },
                  {
                    "category": "personality",
                    "id": "Anxiety",
                    "name": "Prone to worry",
                    "percentage": 0.8597624695319805,
                    "sampling_error": 0.0554581612
                  },
                  {
                    "category": "personality",
                    "id": "Depression",
                    "name": "Melancholy",
                    "percentage": 0.7994454902835124,
                    "sampling_error": 0.059179864199999994
                  },
                  {
                    "category": "personality",
                    "id": "Immoderation",
                    "name": "Immoderation",
                    "percentage": 0.6680434878546377,
                    "sampling_error": 0.0528515016
                  },
                  {
                    "category": "personality",
                    "id": "Self-consciousness",
                    "name": "Self-consciousness",
                    "percentage": 0.8512079099065462,
                    "sampling_error": 0.0570450388
                  },
                  {
                    "category": "personality",
                    "id": "Vulnerability",
                    "name": "Susceptible to stress",
                    "percentage": 0.8179091994008039,
                    "sampling_error": 0.08587934259999999
                  }
                ],
                "id": "Neuroticism",
                "name": "Emotional range",
                "percentage": 0.07580239812354284,
                "sampling_error": 0.0918093374
              }
            ],
            "id": "Neuroticism_parent",
            "name": "Emotional range",
            "percentage": 0.07580239812354284
          }
        ],
        "id": "personality",
        "name": "Big 5"
      },
      {
        "children": [
          {
            "category": "needs",
            "children": [
              {
                "category": "needs",
                "id": "Challenge",
                "name": "Challenge",
                "percentage": 0.19792809096412933,
                "sampling_error": 0.08385500500000001
              },
              {
                "category": "needs",
                "id": "Closeness",
                "name": "Closeness",
                "percentage": 0.38709706244754744,
                "sampling_error": 0.0827980092
              },
              {
                "category": "needs",
                "id": "Curiosity",
                "name": "Curiosity",
                "percentage": 0.4093249847496051,
                "sampling_error": 0.1197332376
              },
              {
                "category": "needs",
                "id": "Excitement",
                "name": "Excitement",
                "percentage": 0.4278678656689499,
                "sampling_error": 0.109121626
              },
              {
                "category": "needs",
                "id": "Harmony",
                "name": "Harmony",
                "percentage": 0.3211154652529712,
                "sampling_error": 0.10912012
              },
              {
                "category": "needs",
                "id": "Ideal",
                "name": "Ideal",
                "percentage": 0.4053439812557552,
                "sampling_error": 0.0987294446
              },
              {
                "category": "needs",
                "id": "Liberty",
                "name": "Liberty",
                "percentage": 0.3701692433936128,
                "sampling_error": 0.14509689339999998
              },
              {
                "category": "needs",
                "id": "Love",
                "name": "Love",
                "percentage": 0.45747852963548,
                "sampling_error": 0.10025946279999999
              },
              {
                "category": "needs",
                "id": "Practicality",
                "name": "Practicality",
                "percentage": 0.4988503957679232,
                "sampling_error": 0.08675698280000001
              },
              {
                "category": "needs",
                "id": "Self-expression",
                "name": "Self-expression",
                "percentage": 0.4496071456933361,
                "sampling_error": 0.08117271300000001
              },
              {
                "category": "needs",
                "id": "Stability",
                "name": "Stability",
                "percentage": 0.2177261476299212,
                "sampling_error": 0.1059586352
              },
              {
                "category": "needs",
                "id": "Structure",
                "name": "Structure",
                "percentage": 0.07329992826226739,
                "sampling_error": 0.0794594678
              }
            ],
            "id": "Structure_parent",
            "name": "Structure",
            "percentage": 0.07329992826226739
          }
        ],
        "id": "needs",
        "name": "Needs"
      },
      {
        "children": [
          {
            "category": "values",
            "children": [
              {
                "category": "values",
                "id": "Conservation",
                "name": "Conservation",
                "percentage": 0.24927119100684203,
                "sampling_error": 0.0683042816
              },
              {
                "category": "values",
                "id": "Openness to change",
                "name": "Openness to change",
                "percentage": 0.4340428306560232,
                "sampling_error": 0.0640920282
              },
              {
                "category": "values",
                "id": "Hedonism",
                "name": "Hedonism",
                "percentage": 0.5975447580237148,
                "sampling_error": 0.1373895992
              },
              {
                "category": "values",
                "id": "Self-enhancement",
                "name": "Self-enhancement",
                "percentage": 0.32708502978917553,
                "sampling_error": 0.1031341162
              },
              {
                "category": "values",
                "id": "Self-transcendence",
                "name": "Self-transcendence",
                "percentage": 0.13928153422616968,
                "sampling_error": 0.0811994648
              }
            ],
            "id": "Self-transcendence_parent",
            "name": "Self-transcendence",
            "percentage": 0.13928153422616968
          }
        ],
        "id": "values",
        "name": "Values"
      }
    ],
    "id": "r",
    "name": "root"
  },
  "word_count": 622
}
}
     