
{
 "user" : 
{
  "screen_name": "AcMablana"
  , "id_str" : "3242090741"
  , "description": "Loca,inestable y caprichosa... :)"
  , "profile_image_url" : "https://pbs.twimg.com/profile_images/910901057068437505/3MotgO7l.jpg"
  , "location": "La Falda, Cordoba"
}
      
 , "profile" : {
  "id": "*UNKNOWN*",
  "processed_lang": "en",
  "source": "*UNKNOWN*",
  "tree": {
    "children": [
      {
        "children": [
          {
            "category": "personality",
            "children": [
              {
                "category": "personality",
                "children": [
                  {
                    "category": "personality",
                    "id": "Adventurousness",
                    "name": "Adventurousness",
                    "percentage": 0.3857559740312818,
                    "sampling_error": 0.0511180105
                  },
                  {
                    "category": "personality",
                    "id": "Artistic interests",
                    "name": "Artistic interests",
                    "percentage": 0.6783720496369361,
                    "sampling_error": 0.1046590495
                  },
                  {
                    "category": "personality",
                    "id": "Emotionality",
                    "name": "Emotionality",
                    "percentage": 0.4083406529723376,
                    "sampling_error": 0.0478348475
                  },
                  {
                    "category": "personality",
                    "id": "Imagination",
                    "name": "Imagination",
                    "percentage": 0.7876369669970141,
                    "sampling_error": 0.064204909
                  },
                  {
                    "category": "personality",
                    "id": "Intellect",
                    "name": "Intellect",
                    "percentage": 0.7645268037617271,
                    "sampling_error": 0.056166124
                  },
                  {
                    "category": "personality",
                    "id": "Liberalism",
                    "name": "Authority-challenging",
                    "percentage": 0.8206713412735545,
                    "sampling_error": 0.083865336
                  }
                ],
                "id": "Openness",
                "name": "Openness",
                "percentage": 0.4052981582369588,
                "sampling_error": 0.060316231
              },
              {
                "category": "personality",
                "children": [
                  {
                    "category": "personality",
                    "id": "Achievement striving",
                    "name": "Achievement striving",
                    "percentage": 0.1621967400772002,
                    "sampling_error": 0.09880754400000001
                  },
                  {
                    "category": "personality",
                    "id": "Cautiousness",
                    "name": "Cautiousness",
                    "percentage": 0.4072742987366812,
                    "sampling_error": 0.0918676465
                  },
                  {
                    "category": "personality",
                    "id": "Dutifulness",
                    "name": "Dutifulness",
                    "percentage": 0.009870478659920745,
                    "sampling_error": 0.060080048000000004
                  },
                  {
                    "category": "personality",
                    "id": "Orderliness",
                    "name": "Orderliness",
                    "percentage": 0.5503983995327439,
                    "sampling_error": 0.07037376050000001
                  },
                  {
                    "category": "personality",
                    "id": "Self-discipline",
                    "name": "Self-discipline",
                    "percentage": 0.24316280905054294,
                    "sampling_error": 0.046976648499999996
                  },
                  {
                    "category": "personality",
                    "id": "Self-efficacy",
                    "name": "Self-efficacy",
                    "percentage": 0.4506286905684335,
                    "sampling_error": 0.09234568850000001
                  }
                ],
                "id": "Conscientiousness",
                "name": "Conscientiousness",
                "percentage": 0.24503385457719806,
                "sampling_error": 0.076396014
              },
              {
                "category": "personality",
                "children": [
                  {
                    "category": "personality",
                    "id": "Activity level",
                    "name": "Activity level",
                    "percentage": 0.42238899863178536,
                    "sampling_error": 0.078027302
                  },
                  {
                    "category": "personality",
                    "id": "Assertiveness",
                    "name": "Assertiveness",
                    "percentage": 0.24041855892148795,
                    "sampling_error": 0.0832940065
                  },
                  {
                    "category": "personality",
                    "id": "Cheerfulness",
                    "name": "Cheerfulness",
                    "percentage": 0.14718953082631314,
                    "sampling_error": 0.1048214135
                  },
                  {
                    "category": "personality",
                    "id": "Excitement-seeking",
                    "name": "Excitement-seeking",
                    "percentage": 0.9768827125129369,
                    "sampling_error": 0.0808166325
                  },
                  {
                    "category": "personality",
                    "id": "Friendliness",
                    "name": "Outgoing",
                    "percentage": 0.2161603141912768,
                    "sampling_error": 0.075367757
                  },
                  {
                    "category": "personality",
                    "id": "Gregariousness",
                    "name": "Gregariousness",
                    "percentage": 0.31262125288381193,
                    "sampling_error": 0.057600371500000004
                  }
                ],
                "id": "Extraversion",
                "name": "Extraversion",
                "percentage": 0.318745200781414,
                "sampling_error": 0.056878712
              },
              {
                "category": "personality",
                "children": [
                  {
                    "category": "personality",
                    "id": "Altruism",
                    "name": "Altruism",
                    "percentage": 0.2873279346828037,
                    "sampling_error": 0.0706645495
                  },
                  {
                    "category": "personality",
                    "id": "Cooperation",
                    "name": "Cooperation",
                    "percentage": 0.26390042852327034,
                    "sampling_error": 0.07989639750000001
                  },
                  {
                    "category": "personality",
                    "id": "Modesty",
                    "name": "Modesty",
                    "percentage": 0.4393891838611068,
                    "sampling_error": 0.0559262865
                  },
                  {
                    "category": "personality",
                    "id": "Morality",
                    "name": "Uncompromising",
                    "percentage": 0.3215187619328592,
                    "sampling_error": 0.06298447650000001
                  },
                  {
                    "category": "personality",
                    "id": "Sympathy",
                    "name": "Sympathy",
                    "percentage": 0.5710618419226773,
                    "sampling_error": 0.097450737
                  },
                  {
                    "category": "personality",
                    "id": "Trust",
                    "name": "Trust",
                    "percentage": 0.2530182887293212,
                    "sampling_error": 0.055857932
                  }
                ],
                "id": "Agreeableness",
                "name": "Agreeableness",
                "percentage": 0.23112667014007704,
                "sampling_error": 0.096807701
              },
              {
                "category": "personality",
                "children": [
                  {
                    "category": "personality",
                    "id": "Anger",
                    "name": "Fiery",
                    "percentage": 0.6438463540904842,
                    "sampling_error": 0.094237183
                  },
                  {
                    "category": "personality",
                    "id": "Anxiety",
                    "name": "Prone to worry",
                    "percentage": 0.8865650603667613,
                    "sampling_error": 0.0551635345
                  },
                  {
                    "category": "personality",
                    "id": "Depression",
                    "name": "Melancholy",
                    "percentage": 0.8181910261169977,
                    "sampling_error": 0.0587853285
                  },
                  {
                    "category": "personality",
                    "id": "Immoderation",
                    "name": "Immoderation",
                    "percentage": 0.5441057498077089,
                    "sampling_error": 0.052719181500000004
                  },
                  {
                    "category": "personality",
                    "id": "Self-consciousness",
                    "name": "Self-consciousness",
                    "percentage": 0.8996039824570787,
                    "sampling_error": 0.05652796
                  },
                  {
                    "category": "personality",
                    "id": "Vulnerability",
                    "name": "Susceptible to stress",
                    "percentage": 0.8355735371381188,
                    "sampling_error": 0.085127212
                  }
                ],
                "id": "Neuroticism",
                "name": "Emotional range",
                "percentage": 0.06119317756940379,
                "sampling_error": 0.091065446
              }
            ],
            "id": "Neuroticism_parent",
            "name": "Emotional range",
            "percentage": 0.06119317756940379
          }
        ],
        "id": "personality",
        "name": "Big 5"
      },
      {
        "children": [
          {
            "category": "needs",
            "children": [
              {
                "category": "needs",
                "id": "Challenge",
                "name": "Challenge",
                "percentage": 0.17700635570685275,
                "sampling_error": 0.0834161275
              },
              {
                "category": "needs",
                "id": "Closeness",
                "name": "Closeness",
                "percentage": 0.3666690124291993,
                "sampling_error": 0.08239310999999999
              },
              {
                "category": "needs",
                "id": "Curiosity",
                "name": "Curiosity",
                "percentage": 0.4261987594486821,
                "sampling_error": 0.119110305
              },
              {
                "category": "needs",
                "id": "Excitement",
                "name": "Excitement",
                "percentage": 0.42497144036591794,
                "sampling_error": 0.10832217849999999
              },
              {
                "category": "needs",
                "id": "Harmony",
                "name": "Harmony",
                "percentage": 0.2970998905820299,
                "sampling_error": 0.108427198
              },
              {
                "category": "needs",
                "id": "Ideal",
                "name": "Ideal",
                "percentage": 0.3601959810837513,
                "sampling_error": 0.09786283550000001
              },
              {
                "category": "needs",
                "id": "Liberty",
                "name": "Liberty",
                "percentage": 0.3199131498783577,
                "sampling_error": 0.1444725535
              },
              {
                "category": "needs",
                "id": "Love",
                "name": "Love",
                "percentage": 0.35192585959012285,
                "sampling_error": 0.099487831
              },
              {
                "category": "needs",
                "id": "Practicality",
                "name": "Practicality",
                "percentage": 0.6563554347654097,
                "sampling_error": 0.08618404099999999
              },
              {
                "category": "needs",
                "id": "Self-expression",
                "name": "Self-expression",
                "percentage": 0.43552473687919957,
                "sampling_error": 0.08072399699999999
              },
              {
                "category": "needs",
                "id": "Stability",
                "name": "Stability",
                "percentage": 0.21100019442544748,
                "sampling_error": 0.10532311400000001
              },
              {
                "category": "needs",
                "id": "Structure",
                "name": "Structure",
                "percentage": 0.08335910000765584,
                "sampling_error": 0.078955367
              }
            ],
            "id": "Structure_parent",
            "name": "Structure",
            "percentage": 0.08335910000765584
          }
        ],
        "id": "needs",
        "name": "Needs"
      },
      {
        "children": [
          {
            "category": "values",
            "children": [
              {
                "category": "values",
                "id": "Conservation",
                "name": "Conservation",
                "percentage": 0.25666817188629476,
                "sampling_error": 0.067362137
              },
              {
                "category": "values",
                "id": "Openness to change",
                "name": "Openness to change",
                "percentage": 0.436287795838834,
                "sampling_error": 0.0641896515
              },
              {
                "category": "values",
                "id": "Hedonism",
                "name": "Hedonism",
                "percentage": 0.6711455298158565,
                "sampling_error": 0.136638146
              },
              {
                "category": "values",
                "id": "Self-enhancement",
                "name": "Self-enhancement",
                "percentage": 0.3613273787968275,
                "sampling_error": 0.1028025955
              },
              {
                "category": "values",
                "id": "Self-transcendence",
                "name": "Self-transcendence",
                "percentage": 0.21691454357584633,
                "sampling_error": 0.080332154
              }
            ],
            "id": "Self-transcendence_parent",
            "name": "Self-transcendence",
            "percentage": 0.21691454357584633
          }
        ],
        "id": "values",
        "name": "Values"
      }
    ],
    "id": "r",
    "name": "root"
  },
  "word_count": 715
}
}
     