
{
 "user" : 
{
  "screen_name": "florromero2"
  , "id_str" : "1077133118"
  , "description": "Mariposa. Estudiante de ING biomédica UNC💀"
  , "profile_image_url" : "https://pbs.twimg.com/profile_images/852526515732570114/BIXZ5PpZ.jpg"
  , "location": ""
}
      
 , "profile" : {
  "id": "*UNKNOWN*",
  "processed_lang": "en",
  "source": "*UNKNOWN*",
  "tree": {
    "children": [
      {
        "children": [
          {
            "category": "personality",
            "children": [
              {
                "category": "personality",
                "children": [
                  {
                    "category": "personality",
                    "id": "Adventurousness",
                    "name": "Adventurousness",
                    "percentage": 0.3551636791919644,
                    "sampling_error": 0.0495990684
                  },
                  {
                    "category": "personality",
                    "id": "Artistic interests",
                    "name": "Artistic interests",
                    "percentage": 0.5984678147249041,
                    "sampling_error": 0.101216894
                  },
                  {
                    "category": "personality",
                    "id": "Emotionality",
                    "name": "Emotionality",
                    "percentage": 0.4699217484390555,
                    "sampling_error": 0.0465763664
                  },
                  {
                    "category": "personality",
                    "id": "Imagination",
                    "name": "Imagination",
                    "percentage": 0.6668555239391751,
                    "sampling_error": 0.0620869544
                  },
                  {
                    "category": "personality",
                    "id": "Intellect",
                    "name": "Intellect",
                    "percentage": 0.7673300776004925,
                    "sampling_error": 0.0543028616
                  },
                  {
                    "category": "personality",
                    "id": "Liberalism",
                    "name": "Authority-challenging",
                    "percentage": 0.842686555714037,
                    "sampling_error": 0.0814869944
                  }
                ],
                "id": "Openness",
                "name": "Openness",
                "percentage": 0.34270558043907284,
                "sampling_error": 0.058019934
              },
              {
                "category": "personality",
                "children": [
                  {
                    "category": "personality",
                    "id": "Achievement striving",
                    "name": "Achievement striving",
                    "percentage": 0.2195700378274545,
                    "sampling_error": 0.0959789796
                  },
                  {
                    "category": "personality",
                    "id": "Cautiousness",
                    "name": "Cautiousness",
                    "percentage": 0.38897174059021355,
                    "sampling_error": 0.0893218976
                  },
                  {
                    "category": "personality",
                    "id": "Dutifulness",
                    "name": "Dutifulness",
                    "percentage": 0.022306105982766056,
                    "sampling_error": 0.0589552732
                  },
                  {
                    "category": "personality",
                    "id": "Orderliness",
                    "name": "Orderliness",
                    "percentage": 0.5597578482822007,
                    "sampling_error": 0.0683892316
                  },
                  {
                    "category": "personality",
                    "id": "Self-discipline",
                    "name": "Self-discipline",
                    "percentage": 0.21743334753040383,
                    "sampling_error": 0.045766646
                  },
                  {
                    "category": "personality",
                    "id": "Self-efficacy",
                    "name": "Self-efficacy",
                    "percentage": 0.3703309364223523,
                    "sampling_error": 0.0896989176
                  }
                ],
                "id": "Conscientiousness",
                "name": "Conscientiousness",
                "percentage": 0.2311629598816417,
                "sampling_error": 0.07426909200000001
              },
              {
                "category": "personality",
                "children": [
                  {
                    "category": "personality",
                    "id": "Activity level",
                    "name": "Activity level",
                    "percentage": 0.37160716533832194,
                    "sampling_error": 0.0754845852
                  },
                  {
                    "category": "personality",
                    "id": "Assertiveness",
                    "name": "Assertiveness",
                    "percentage": 0.3350573199951003,
                    "sampling_error": 0.080873266
                  },
                  {
                    "category": "personality",
                    "id": "Cheerfulness",
                    "name": "Cheerfulness",
                    "percentage": 0.2996591333637166,
                    "sampling_error": 0.101915934
                  },
                  {
                    "category": "personality",
                    "id": "Excitement-seeking",
                    "name": "Excitement-seeking",
                    "percentage": 0.9651682223933007,
                    "sampling_error": 0.0795130484
                  },
                  {
                    "category": "personality",
                    "id": "Friendliness",
                    "name": "Outgoing",
                    "percentage": 0.30462549066065936,
                    "sampling_error": 0.073174602
                  },
                  {
                    "category": "personality",
                    "id": "Gregariousness",
                    "name": "Gregariousness",
                    "percentage": 0.40651765249519434,
                    "sampling_error": 0.056373746
                  }
                ],
                "id": "Extraversion",
                "name": "Extraversion",
                "percentage": 0.39990797287670765,
                "sampling_error": 0.0548173248
              },
              {
                "category": "personality",
                "children": [
                  {
                    "category": "personality",
                    "id": "Altruism",
                    "name": "Altruism",
                    "percentage": 0.4017007123549412,
                    "sampling_error": 0.0684669536
                  },
                  {
                    "category": "personality",
                    "id": "Cooperation",
                    "name": "Cooperation",
                    "percentage": 0.2687910671665948,
                    "sampling_error": 0.0780363596
                  },
                  {
                    "category": "personality",
                    "id": "Modesty",
                    "name": "Modesty",
                    "percentage": 0.5284903177435515,
                    "sampling_error": 0.053806615999999995
                  },
                  {
                    "category": "personality",
                    "id": "Morality",
                    "name": "Uncompromising",
                    "percentage": 0.332000359691093,
                    "sampling_error": 0.061167208
                  },
                  {
                    "category": "personality",
                    "id": "Sympathy",
                    "name": "Sympathy",
                    "percentage": 0.6105473953700621,
                    "sampling_error": 0.0943944812
                  },
                  {
                    "category": "personality",
                    "id": "Trust",
                    "name": "Trust",
                    "percentage": 0.25090117415553165,
                    "sampling_error": 0.054272259999999996
                  }
                ],
                "id": "Agreeableness",
                "name": "Agreeableness",
                "percentage": 0.2702493534663494,
                "sampling_error": 0.0943207756
              },
              {
                "category": "personality",
                "children": [
                  {
                    "category": "personality",
                    "id": "Anger",
                    "name": "Fiery",
                    "percentage": 0.5930050489738028,
                    "sampling_error": 0.0913360596
                  },
                  {
                    "category": "personality",
                    "id": "Anxiety",
                    "name": "Prone to worry",
                    "percentage": 0.7471044525409702,
                    "sampling_error": 0.0532137056
                  },
                  {
                    "category": "personality",
                    "id": "Depression",
                    "name": "Melancholy",
                    "percentage": 0.8036132164223919,
                    "sampling_error": 0.0565937992
                  },
                  {
                    "category": "personality",
                    "id": "Immoderation",
                    "name": "Immoderation",
                    "percentage": 0.7445055531160076,
                    "sampling_error": 0.0512985412
                  },
                  {
                    "category": "personality",
                    "id": "Self-consciousness",
                    "name": "Self-consciousness",
                    "percentage": 0.7335696667683103,
                    "sampling_error": 0.0545820672
                  },
                  {
                    "category": "personality",
                    "id": "Vulnerability",
                    "name": "Susceptible to stress",
                    "percentage": 0.7243724427877909,
                    "sampling_error": 0.0827501732
                  }
                ],
                "id": "Neuroticism",
                "name": "Emotional range",
                "percentage": 0.1953242322047557,
                "sampling_error": 0.0879157356
              }
            ],
            "id": "Neuroticism_parent",
            "name": "Emotional range",
            "percentage": 0.1953242322047557
          }
        ],
        "id": "personality",
        "name": "Big 5"
      },
      {
        "children": [
          {
            "category": "needs",
            "children": [
              {
                "category": "needs",
                "id": "Challenge",
                "name": "Challenge",
                "percentage": 0.2729914662223485,
                "sampling_error": 0.081245
              },
              {
                "category": "needs",
                "id": "Closeness",
                "name": "Closeness",
                "percentage": 0.340660987007039,
                "sampling_error": 0.080269756
              },
              {
                "category": "needs",
                "id": "Curiosity",
                "name": "Curiosity",
                "percentage": 0.3908552568950823,
                "sampling_error": 0.1153687044
              },
              {
                "category": "needs",
                "id": "Excitement",
                "name": "Excitement",
                "percentage": 0.392868052737776,
                "sampling_error": 0.1050139328
              },
              {
                "category": "needs",
                "id": "Harmony",
                "name": "Harmony",
                "percentage": 0.26305398114833756,
                "sampling_error": 0.10493042799999999
              },
              {
                "category": "needs",
                "id": "Ideal",
                "name": "Ideal",
                "percentage": 0.3179247779261465,
                "sampling_error": 0.0947652788
              },
              {
                "category": "needs",
                "id": "Liberty",
                "name": "Liberty",
                "percentage": 0.3618809991369579,
                "sampling_error": 0.1404894464
              },
              {
                "category": "needs",
                "id": "Love",
                "name": "Love",
                "percentage": 0.4115350489880919,
                "sampling_error": 0.0966356428
              },
              {
                "category": "needs",
                "id": "Practicality",
                "name": "Practicality",
                "percentage": 0.4915937123292562,
                "sampling_error": 0.08378828640000001
              },
              {
                "category": "needs",
                "id": "Self-expression",
                "name": "Self-expression",
                "percentage": 0.4108047789140999,
                "sampling_error": 0.0785933804
              },
              {
                "category": "needs",
                "id": "Stability",
                "name": "Stability",
                "percentage": 0.2072520767755333,
                "sampling_error": 0.1021813472
              },
              {
                "category": "needs",
                "id": "Structure",
                "name": "Structure",
                "percentage": 0.1379777805136131,
                "sampling_error": 0.0768272032
              }
            ],
            "id": "Structure_parent",
            "name": "Structure",
            "percentage": 0.1379777805136131
          }
        ],
        "id": "needs",
        "name": "Needs"
      },
      {
        "children": [
          {
            "category": "values",
            "children": [
              {
                "category": "values",
                "id": "Conservation",
                "name": "Conservation",
                "percentage": 0.1829735194010892,
                "sampling_error": 0.066338872
              },
              {
                "category": "values",
                "id": "Openness to change",
                "name": "Openness to change",
                "percentage": 0.46088925280947074,
                "sampling_error": 0.0624826588
              },
              {
                "category": "values",
                "id": "Hedonism",
                "name": "Hedonism",
                "percentage": 0.5324880273878461,
                "sampling_error": 0.13249043559999998
              },
              {
                "category": "values",
                "id": "Self-enhancement",
                "name": "Self-enhancement",
                "percentage": 0.3609429254945732,
                "sampling_error": 0.0994981664
              },
              {
                "category": "values",
                "id": "Self-transcendence",
                "name": "Self-transcendence",
                "percentage": 0.2327049611310078,
                "sampling_error": 0.07735681
              }
            ],
            "id": "Conservation_parent",
            "name": "Conservation",
            "percentage": 0.1829735194010892
          }
        ],
        "id": "values",
        "name": "Values"
      }
    ],
    "id": "r",
    "name": "root"
  },
  "word_count": 1264
}
}
     